,rw,gb,ms,fa,rs,total
gmd_lPFtha_R,NA,NA,1,0.226949348,NA,1
gmd_cTtha_R,1,1,NA,NA,NA,NA
gmd_cTtha_L,NA,NA,NA,1,NA,NA
gmd_Stha_L,NA,NA,NA,NA,1,NA
gmd_dlPu_L,NA,NA,NA,NA,1,1
gmd_NAC_R,1,NA,NA,NA,NA,NA
gmd_cHipp_R,1,NA,NA,NA,NA,NA
gmd_17Networks_RH_TempPar_3,NA,NA,NA,1,NA,NA
gmd_17Networks_RH_TempPar_1,NA,NA,1,NA,NA,NA
gmd_17Networks_RH_DefaultC_PHC_1,NA,NA,1,NA,NA,NA
gmd_17Networks_RH_DefaultB_AntTemp_1,1,NA,NA,NA,NA,NA
gmd_17Networks_RH_DefaultA_PFCm_5,0.46252184,NA,NA,NA,NA,NA
gmd_17Networks_RH_DefaultA_PFCm_3,1,NA,NA,NA,NA,NA
gmd_17Networks_RH_DefaultA_PFCm_1,1,NA,NA,NA,NA,NA
gmd_17Networks_RH_DefaultA_pCunPCC_5,NA,NA,NA,NA,1,NA
gmd_17Networks_RH_DefaultA_pCunPCC_4,NA,NA,1,NA,NA,NA
gmd_17Networks_RH_DefaultA_PFCd_2,NA,1,NA,NA,NA,NA
gmd_17Networks_RH_DefaultA_IPL_1,NA,1,NA,NA,NA,NA
gmd_17Networks_RH_DefaultA_Temp_1,1,NA,NA,NA,NA,NA
gmd_17Networks_RH_ContC_pCun_2,NA,NA,NA,1,NA,1
gmd_17Networks_RH_ContB_PFClv_4,1,NA,NA,NA,NA,NA
gmd_17Networks_RH_ContB_PFClv_3,NA,NA,1,NA,NA,NA
gmd_17Networks_RH_ContB_PFCld_1,1,NA,NA,NA,NA,NA
gmd_17Networks_RH_ContB_IPL_1,NA,NA,NA,NA,1,1
gmd_17Networks_RH_ContB_Temp_1,1,NA,NA,NA,NA,NA
gmd_17Networks_RH_ContA_IPS_2,NA,NA,NA,NA,1,NA
gmd_17Networks_RH_SalVentAttnB_PFCl_3,1,NA,NA,NA,NA,NA
gmd_17Networks_RH_SalVentAttnB_PFCl_2,0.248374037,NA,NA,NA,NA,NA
gmd_17Networks_RH_SalVentAttnA_ParMed_3,NA,NA,NA,1,NA,NA
gmd_17Networks_RH_SalVentAttnA_ParMed_2,NA,1,NA,NA,NA,NA
gmd_17Networks_RH_DorsAttnB_FEF_2,1,NA,NA,NA,NA,NA
gmd_17Networks_RH_DorsAttnA_SPL_3,NA,NA,NA,1,NA,NA
gmd_17Networks_RH_DorsAttnA_SPL_1,NA,NA,NA,1,NA,NA
gmd_17Networks_RH_SomMotB_S2_4,NA,NA,1,NA,NA,NA
gmd_17Networks_RH_SomMotA_19,NA,1,NA,NA,NA,NA
gmd_17Networks_RH_SomMotA_11,NA,NA,NA,0.513056176,NA,1
gmd_17Networks_RH_SomMotA_10,NA,NA,NA,NA,1,1
gmd_17Networks_RH_SomMotA_7,NA,NA,NA,NA,1,NA
gmd_17Networks_RH_SomMotA_6,NA,NA,NA,NA,1,NA
gmd_17Networks_RH_SomMotA_5,NA,NA,NA,1,NA,NA
gmd_17Networks_RH_SomMotA_4,NA,NA,1,NA,1,1
gmd_17Networks_RH_VisPeri_ExStrSup_3,NA,NA,NA,1,NA,1
gmd_17Networks_RH_VisPeri_ExStrSup_2,NA,NA,1,NA,NA,NA
gmd_17Networks_RH_VisPeri_ExStrInf_4,NA,1,NA,NA,NA,NA
gmd_17Networks_RH_VisCent_ExStr_9,NA,NA,NA,NA,1,1
gmd_17Networks_RH_VisCent_ExStr_8,NA,NA,1,NA,1,1
gmd_17Networks_RH_VisCent_ExStr_7,NA,NA,NA,NA,1,NA
gmd_17Networks_RH_VisCent_ExStr_6,NA,1,NA,NA,NA,NA
gmd_17Networks_RH_VisCent_ExStr_4,NA,1,NA,NA,NA,NA
gmd_17Networks_RH_VisCent_ExStr_1,1,NA,NA,NA,NA,NA
gmd_17Networks_LH_DefaultC_PHC_1,1,NA,NA,NA,NA,NA
gmd_17Networks_LH_DefaultC_IPL_1,1,NA,NA,NA,NA,NA
gmd_17Networks_LH_DefaultB_PFCv_4,NA,1,NA,1,NA,1
gmd_17Networks_LH_DefaultB_PFCl_1,1,NA,1,NA,NA,NA
gmd_17Networks_LH_DefaultB_Temp_6,1,NA,NA,NA,NA,NA
gmd_17Networks_LH_DefaultB_Temp_5,1,NA,NA,NA,NA,NA
gmd_17Networks_LH_DefaultA_PFCm_6,NA,NA,1,NA,NA,NA
gmd_17Networks_LH_DefaultA_PFCm_4,1,NA,NA,NA,NA,NA
gmd_17Networks_LH_DefaultA_PFCm_3,1,NA,NA,NA,NA,NA
gmd_17Networks_LH_DefaultA_PFCm_2,1,NA,NA,NA,NA,NA
gmd_17Networks_LH_DefaultA_PFCm_1,1,NA,NA,NA,NA,NA
gmd_17Networks_LH_ContC_pCun_2,1,NA,NA,NA,NA,NA
gmd_17Networks_LH_ContB_PFClv_1,1,NA,NA,NA,NA,NA
gmd_17Networks_LH_ContB_IPL_3,NA,NA,1,NA,NA,NA
gmd_17Networks_LH_ContA_PFCl_3,1,NA,1,NA,NA,NA
gmd_17Networks_LH_ContA_IPS_5,NA,NA,NA,NA,1,NA
gmd_17Networks_LH_LimbicA_TempPole_6,NA,NA,1,NA,NA,NA
gmd_17Networks_LH_LimbicB_OFC_5,NA,NA,NA,1,NA,NA
gmd_17Networks_LH_LimbicB_OFC_2,0.269436294,NA,NA,NA,NA,NA
gmd_17Networks_LH_LimbicB_OFC_1,NA,NA,NA,NA,1,1
gmd_17Networks_LH_SalVentAttnB_PFCl_3,1,NA,1,NA,NA,NA
gmd_17Networks_LH_SalVentAttnA_ParMed_2,0.615823579,NA,NA,NA,NA,NA
gmd_17Networks_LH_DorsAttnB_PrCv_1,NA,1,NA,NA,NA,NA
gmd_17Networks_LH_DorsAttnB_PostC_6,NA,NA,1,NA,NA,1
gmd_17Networks_LH_DorsAttnA_SPL_6,1,NA,NA,NA,NA,NA
gmd_17Networks_LH_DorsAttnA_SPL_5,NA,NA,1,NA,NA,NA
gmd_17Networks_LH_DorsAttnA_SPL_3,1,NA,1,NA,NA,NA
gmd_17Networks_LH_DorsAttnA_TempOcc_4,NA,NA,NA,1,NA,NA
gmd_17Networks_LH_SomMotB_S2_5,NA,NA,NA,1,NA,NA
gmd_17Networks_LH_SomMotB_S2_1,1,NA,NA,NA,NA,NA
gmd_17Networks_LH_SomMotA_16,NA,NA,NA,NA,1,NA
gmd_17Networks_LH_SomMotA_13,NA,NA,NA,1,NA,NA
gmd_17Networks_LH_SomMotA_11,NA,1,1,1,NA,1
gmd_17Networks_LH_SomMotA_8,NA,NA,NA,1,NA,NA
gmd_17Networks_LH_SomMotA_6,1,NA,NA,NA,NA,NA
gmd_17Networks_LH_SomMotA_3,NA,1,NA,NA,NA,NA
gmd_17Networks_LH_VisPeri_ExStrSup_2,NA,1,1,NA,NA,NA
gmd_17Networks_LH_VisPeri_ExStrInf_3,NA,NA,NA,1,NA,NA
gmd_17Networks_LH_VisPeri_ExStrInf_2,NA,1,NA,NA,NA,NA
gmd_17Networks_LH_VisCent_ExStr_10,NA,NA,1,NA,NA,NA
gmd_17Networks_LH_VisCent_ExStr_9,0.897559347,NA,NA,NA,NA,NA
gmd_17Networks_LH_VisCent_ExStr_3,NA,NA,1,NA,NA,NA
gmd_17Networks_LH_VisCent_ExStr_1,1,NA,NA,NA,NA,NA
zReHo_lPFtha_L,NA,NA,NA,NA,1,NA
zReHo_Otha_L,NA,NA,NA,1,1,1
zReHo_Stha_R,NA,NA,NA,NA,1,NA
zReHo_Stha_L,NA,NA,NA,NA,1,NA
zReHo_mPMtha_R,NA,NA,NA,NA,1,NA
zReHo_mPMtha_L,NA,NA,NA,NA,1,NA
zReHo_mPFtha_R,NA,NA,NA,NA,1,NA
zReHo_mPFtha_L,NA,NA,NA,NA,1,NA
zReHo_dCa_R,NA,NA,1,NA,NA,NA
zReHo_dCa_L,NA,NA,1,NA,NA,NA
zReHo_cHipp_L,NA,NA,NA,1,1,1
zReHo_mAmyg_L,NA,NA,NA,1,1,1
zfALFF_lPFtha_L,NA,NA,1,NA,NA,1
zfALFF_cTtha_L,NA,NA,1,NA,NA,NA
zfALFF_Otha_R,NA,NA,1,NA,NA,NA
zfALFF_Otha_L,NA,NA,NA,1,NA,1
zfALFF_PPtha_R,NA,NA,1,NA,NA,NA
zfALFF_rTtha_R,NA,NA,1,1,NA,1
zfALFF_rTtha_L,NA,NA,1,1,NA,1
zfALFF_Stha_R,1,NA,0.363566903,NA,NA,1
zfALFF_Stha_L,NA,NA,0.664637873,1,NA,1
zfALFF_mPMtha_L,NA,NA,0.225657023,NA,NA,1
zfALFF_mPFtha_L,NA,NA,1,NA,NA,1
zfALFF_dlPu_R,NA,NA,NA,NA,1,NA
zfALFF_dCa_R,NA,NA,NA,NA,1,NA
zfALFF_NAC_R,NA,0.654723051,NA,NA,NA,NA
zfALFF_cHipp_L,NA,NA,1,1,0.190902329,0.220417252
zfALFF_rHipp_R,NA,0.199535861,1,NA,NA,1
zfALFF_rHipp_L,NA,0.947929155,1,0.202134983,0.051263594,0.018423066
zfALFF_lAmyg_R,NA,NA,NA,1,NA,1
zfALFF_lAmyg_L,NA,1,NA,NA,NA,1
zfALFF_mAmyg_R,NA,0.851978184,1,0.223652886,1,0.200632827
zfALFF_mAmyg_L,1,0.527971279,1,0.27545698,0.189608065,0.034434128
zfALFF_A8m_L,NA,NA,NA,NA,1,1
zALFF_Otha_R,NA,NA,NA,NA,1,NA
zALFF_PPtha_R,NA,NA,NA,NA,1,NA
zALFF_dlPu_R,NA,NA,NA,1,NA,NA
zALFF_dCa_L,NA,NA,NA,NA,1,NA
zALFF_vCa_R,NA,NA,NA,NA,1,1
zfALFF_17Networks_RH_TempPar_7,NA,NA,NA,NA,1,NA
zfALFF_17Networks_RH_TempPar_4,NA,NA,NA,NA,1,NA
zfALFF_17Networks_RH_TempPar_3,NA,NA,NA,NA,1,NA
zfALFF_17Networks_RH_DefaultC_PHC_1,NA,1,NA,NA,NA,NA
zfALFF_17Networks_RH_DefaultC_IPL_1,NA,NA,NA,NA,1,NA
zfALFF_17Networks_RH_DefaultB_PFCv_3,NA,NA,NA,NA,1,NA
zfALFF_17Networks_RH_DefaultB_PFCv_2,NA,NA,NA,NA,1,NA
zfALFF_17Networks_RH_DefaultB_PFCv_1,NA,1,1,NA,NA,NA
zfALFF_17Networks_RH_DefaultB_PFCd_3,NA,NA,1,NA,1,1
zfALFF_17Networks_RH_DefaultB_Temp_2,NA,NA,NA,NA,1,NA
zfALFF_17Networks_RH_DefaultB_Temp_1,NA,NA,NA,NA,0.344453849,1
zfALFF_17Networks_RH_DefaultA_PFCm_5,NA,1,NA,NA,NA,NA
zfALFF_17Networks_RH_DefaultA_PFCm_4,NA,NA,0.860473828,NA,1,1
zfALFF_17Networks_RH_DefaultA_PFCd_2,NA,NA,NA,NA,1,1
zfALFF_17Networks_RH_DefaultA_PFCd_1,NA,NA,1,NA,0.077914262,0.395431041
zfALFF_17Networks_RH_DefaultA_IPL_1,NA,NA,NA,NA,1,1
zfALFF_17Networks_RH_ContC_Cingp_2,NA,NA,NA,NA,1,NA
zfALFF_17Networks_RH_ContC_Cingp_1,NA,NA,NA,NA,1,NA
zfALFF_17Networks_RH_ContC_pCun_4,NA,0.089342032,NA,NA,NA,1
zfALFF_17Networks_RH_ContC_pCun_2,NA,1,NA,1,NA,1
zfALFF_17Networks_RH_ContB_PFCmp_1,NA,NA,NA,NA,0.591103678,1
zfALFF_17Networks_RH_ContB_PFClv_4,NA,1,1,NA,1,1
zfALFF_17Networks_RH_ContB_PFCld_3,NA,NA,NA,NA,0.17990212,1
zfALFF_17Networks_RH_ContB_PFCld_2,NA,NA,NA,NA,1,NA
zfALFF_17Networks_RH_ContB_PFCld_1,NA,NA,NA,NA,0.461872104,1
zfALFF_17Networks_RH_ContB_IPL_3,NA,NA,NA,NA,0.383781934,1
zfALFF_17Networks_RH_ContB_IPL_2,NA,NA,NA,NA,1,NA
zfALFF_17Networks_RH_ContB_IPL_1,NA,1,NA,NA,1,1
zfALFF_17Networks_RH_ContB_Temp_2,NA,NA,1,1,1,0.658347291
zfALFF_17Networks_RH_ContB_Temp_1,NA,NA,NA,NA,1,NA
zfALFF_17Networks_RH_ContA_Cingm_1,NA,NA,NA,NA,1,1
zfALFF_17Networks_RH_ContA_PFCl_5,NA,NA,NA,1,0.061110942,0.556372282
zfALFF_17Networks_RH_ContA_PFCl_4,0.430131969,NA,1,0.932536417,0.043777701,0.046301291
zfALFF_17Networks_RH_ContA_PFCl_3,NA,NA,1,NA,0.198615644,0.559227893
zfALFF_17Networks_RH_ContA_PFCl_2,NA,NA,1,NA,0.073287823,1
zfALFF_17Networks_RH_ContA_PFCl_1,NA,NA,1,NA,0.02280935,0.112788804
zfALFF_17Networks_RH_ContA_PFCd_1,NA,NA,NA,NA,0.720218164,1
zfALFF_17Networks_RH_ContA_IPS_4,NA,NA,NA,1,0.226524981,0.482243266
zfALFF_17Networks_RH_ContA_IPS_3,NA,NA,NA,NA,0.889651453,1
zfALFF_17Networks_RH_ContA_IPS_2,1,NA,NA,NA,0.575839267,1
zfALFF_17Networks_RH_ContA_IPS_1,NA,1,NA,1,1,1
zfALFF_17Networks_RH_LimbicB_OFC_2,NA,1,NA,NA,NA,NA
zfALFF_17Networks_RH_SalVentAttnB_PFCmp_2,NA,NA,NA,NA,0.223325006,1
zfALFF_17Networks_RH_SalVentAttnB_PFCmp_1,0.699671232,NA,1,1,0.278027205,0.374627587
zfALFF_17Networks_RH_SalVentAttnB_PFCl_3,NA,NA,NA,NA,1,1
zfALFF_17Networks_RH_SalVentAttnB_PFCl_2,NA,NA,NA,NA,0.952889711,1
zfALFF_17Networks_RH_SalVentAttnB_PFCl_1,NA,0.867886695,1,1,0.03974936,0.035915972
zfALFF_17Networks_RH_SalVentAttnB_PFClv_1,NA,NA,NA,NA,0.045961565,0.798673723
zfALFF_17Networks_RH_SalVentAttnA_FrMed_4,NA,NA,NA,NA,1,NA
zfALFF_17Networks_RH_SalVentAttnA_FrMed_3,NA,NA,NA,NA,1,1
zfALFF_17Networks_RH_SalVentAttnA_ParMed_4,NA,NA,NA,1,1,1
zfALFF_17Networks_RH_SalVentAttnA_ParMed_3,NA,1,NA,1,1,1
zfALFF_17Networks_RH_SalVentAttnA_FrMed_2,NA,NA,NA,1,0.455427404,1
zfALFF_17Networks_RH_SalVentAttnA_ParMed_2,NA,NA,NA,1,0.47595849,1
zfALFF_17Networks_RH_SalVentAttnA_FrMed_1,NA,NA,NA,1,0.516081938,1
zfALFF_17Networks_RH_SalVentAttnA_FrOper_3,NA,NA,NA,NA,0.953552567,1
zfALFF_17Networks_RH_SalVentAttnA_FrOper_2,NA,NA,NA,NA,1,NA
zfALFF_17Networks_RH_SalVentAttnA_FrOper_1,NA,NA,NA,NA,1,NA
zfALFF_17Networks_RH_SalVentAttnA_Ins_3,NA,NA,1,NA,NA,NA
zfALFF_17Networks_RH_SalVentAttnA_Ins_2,NA,1,NA,NA,NA,NA
zfALFF_17Networks_RH_SalVentAttnA_Ins_1,NA,NA,1,NA,NA,NA
zfALFF_17Networks_RH_SalVentAttnA_PrC_1,1,NA,NA,NA,0.861223785,1
zfALFF_17Networks_RH_SalVentAttnA_ParOper_3,NA,NA,NA,NA,0.175273346,0.687982112
zfALFF_17Networks_RH_SalVentAttnA_ParOper_2,NA,NA,NA,NA,1,NA
zfALFF_17Networks_RH_DorsAttnB_FEF_3,NA,NA,NA,NA,0.96473028,1
zfALFF_17Networks_RH_DorsAttnB_FEF_2,1,NA,NA,NA,0.740049311,1
zfALFF_17Networks_RH_DorsAttnB_FEF_1,NA,NA,NA,NA,0.577370539,1
zfALFF_17Networks_RH_DorsAttnB_PostC_5,NA,NA,NA,1,0.909953822,1
zfALFF_17Networks_RH_DorsAttnB_PostC_4,NA,NA,NA,1,0.168113037,0.442481707
zfALFF_17Networks_RH_DorsAttnB_PostC_3,NA,NA,NA,NA,0.127216108,1
zfALFF_17Networks_RH_DorsAttnB_PostC_2,1,1,NA,0.150339008,0.07295313,0.077428253
zfALFF_17Networks_RH_DorsAttnB_PostC_1,NA,NA,NA,NA,0.211393022,0.672041431
zfALFF_17Networks_RH_DorsAttnB_TempOcc_1,1,NA,NA,NA,NA,NA
zfALFF_17Networks_RH_DorsAttnA_SPL_6,NA,1,NA,1,NA,1
zfALFF_17Networks_RH_DorsAttnA_SPL_5,1,1,NA,NA,NA,1
zfALFF_17Networks_RH_DorsAttnA_SPL_4,NA,1,NA,1,1,1
zfALFF_17Networks_RH_DorsAttnA_SPL_3,NA,1,NA,1,NA,NA
zfALFF_17Networks_RH_DorsAttnA_SPL_1,NA,1,NA,1,1,1
zfALFF_17Networks_RH_DorsAttnA_ParOcc_2,NA,NA,NA,NA,1,NA
zfALFF_17Networks_RH_DorsAttnA_ParOcc_1,NA,NA,NA,1,NA,NA
zfALFF_17Networks_RH_DorsAttnA_TempOcc_3,1,NA,NA,1,NA,1
zfALFF_17Networks_RH_SomMotB_Cent_3,NA,1,NA,NA,0.29715756,0.417665013
zfALFF_17Networks_RH_SomMotB_Cent_2,1,NA,NA,NA,0.104702725,0.301920727
zfALFF_17Networks_RH_SomMotB_Cent_1,NA,NA,NA,NA,1,1
zfALFF_17Networks_RH_SomMotB_S2_8,NA,NA,NA,NA,1,NA
zfALFF_17Networks_RH_SomMotB_S2_7,NA,NA,NA,NA,1,NA
zfALFF_17Networks_RH_SomMotB_S2_6,NA,NA,NA,NA,0.003431934,0.302684209
zfALFF_17Networks_RH_SomMotB_S2_5,NA,NA,NA,NA,0.505936161,1
zfALFF_17Networks_RH_SomMotB_S2_4,NA,NA,NA,NA,1,NA
zfALFF_17Networks_RH_SomMotB_S2_3,NA,NA,NA,NA,1,NA
zfALFF_17Networks_RH_SomMotB_Aud_3,NA,1,NA,NA,1,NA
zfALFF_17Networks_RH_SomMotB_S2_2,NA,NA,NA,NA,1,NA
zfALFF_17Networks_RH_SomMotB_S2_1,NA,NA,NA,NA,0.005248719,1
zfALFF_17Networks_RH_SomMotB_Ins_1,NA,NA,NA,NA,1,NA
zfALFF_17Networks_RH_SomMotA_14,NA,NA,1,NA,1,1
zfALFF_17Networks_RH_SomMotA_12,1,NA,NA,NA,1,1
zfALFF_17Networks_RH_SomMotA_10,NA,NA,NA,NA,1,NA
zfALFF_17Networks_RH_SomMotA_9,NA,NA,NA,1,1,1
zfALFF_17Networks_RH_SomMotA_7,NA,NA,NA,1,1,1
zfALFF_17Networks_RH_SomMotA_6,1,NA,1,0.171904457,1,0.332845309
zfALFF_17Networks_RH_SomMotA_5,NA,NA,NA,NA,1,NA
zfALFF_17Networks_RH_SomMotA_4,NA,NA,NA,0.954919317,0.972098041,1
zfALFF_17Networks_RH_SomMotA_3,1,1,NA,NA,1,0.946579802
zfALFF_17Networks_RH_SomMotA_2,NA,NA,NA,1,0.085434051,0.237313639
zfALFF_17Networks_RH_SomMotA_1,NA,1,1,0.046545327,0.400660212,0.043831298
zfALFF_17Networks_RH_VisPeri_ExStrSup_2,NA,1,NA,NA,NA,NA
zfALFF_17Networks_RH_VisPeri_ExStrInf_3,NA,1,NA,1,NA,NA
zfALFF_17Networks_RH_VisCent_ExStr_11,NA,NA,NA,1,NA,NA
zfALFF_17Networks_RH_VisCent_ExStr_9,NA,NA,NA,1,NA,NA
zfALFF_17Networks_RH_VisCent_ExStr_8,NA,0.535482244,NA,NA,NA,NA
zfALFF_17Networks_LH_TempPar_1,NA,1,NA,1,NA,1
zfALFF_17Networks_LH_DefaultC_PHC_1,NA,NA,NA,NA,1,1
zfALFF_17Networks_LH_DefaultB_PFCv_2,NA,NA,NA,1,NA,NA
zfALFF_17Networks_LH_DefaultB_PFCv_1,NA,1,NA,NA,NA,1
zfALFF_17Networks_LH_DefaultB_PFCd_6,1,NA,NA,NA,NA,NA
zfALFF_17Networks_LH_DefaultB_PFCd_2,NA,1,NA,NA,NA,NA
zfALFF_17Networks_LH_DefaultB_PFCd_1,NA,NA,NA,1,1,1
zfALFF_17Networks_LH_DefaultB_IPL_1,NA,NA,NA,NA,1,NA
zfALFF_17Networks_LH_DefaultB_Temp_5,1,NA,NA,NA,NA,NA
zfALFF_17Networks_LH_DefaultB_Temp_1,NA,NA,NA,1,1,1
zfALFF_17Networks_LH_DefaultA_PFCm_6,NA,NA,NA,NA,1,1
zfALFF_17Networks_LH_DefaultA_PFCm_5,NA,1,NA,NA,NA,1
zfALFF_17Networks_LH_DefaultA_PFCm_3,NA,NA,1,NA,1,1
zfALFF_17Networks_LH_DefaultA_pCunPCC_7,NA,0.437178588,NA,0.928241549,NA,1
zfALFF_17Networks_LH_DefaultA_pCunPCC_6,1,NA,NA,NA,NA,NA
zfALFF_17Networks_LH_DefaultA_PFCd_2,1,NA,NA,NA,NA,NA
zfALFF_17Networks_LH_DefaultA_PFCd_1,NA,NA,NA,NA,1,1
zfALFF_17Networks_LH_ContC_pCun_3,NA,1,NA,0.570757797,NA,1
zfALFF_17Networks_LH_ContC_pCun_2,NA,1,NA,NA,NA,NA
zfALFF_17Networks_LH_ContB_PFCmp_1,NA,NA,NA,1,1,1
zfALFF_17Networks_LH_ContB_PFClv_3,NA,1,1,1,1,0.415224963
zfALFF_17Networks_LH_ContB_PFClv_2,NA,NA,0.777578947,1,1,0.448679331
zfALFF_17Networks_LH_ContA_PFCl_3,NA,1,1,1,1,1
zfALFF_17Networks_LH_ContA_PFCl_2,NA,NA,1,NA,NA,NA
zfALFF_17Networks_LH_ContA_PFClv_2,NA,NA,NA,NA,NA,1
zfALFF_17Networks_LH_ContA_PFCd_1,1,NA,NA,NA,NA,NA
zfALFF_17Networks_LH_ContA_IPS_3,NA,1,NA,1,NA,1
zfALFF_17Networks_LH_ContA_IPS_1,NA,NA,NA,1,1,1
zfALFF_17Networks_LH_LimbicA_TempPole_7,NA,1,1,1,NA,1
zfALFF_17Networks_LH_LimbicA_TempPole_6,0.759061772,0.550792488,0.125785585,0.027531497,0.159774279,0.00311933
zfALFF_17Networks_LH_LimbicA_TempPole_5,NA,1,NA,NA,1,1
zfALFF_17Networks_LH_LimbicA_TempPole_3,NA,NA,NA,NA,1,NA
zfALFF_17Networks_LH_LimbicA_TempPole_2,NA,1,NA,1,1,1
zfALFF_17Networks_LH_LimbicA_TempPole_1,NA,1,NA,NA,1,1
zfALFF_17Networks_LH_LimbicB_OFC_4,NA,0.761320871,NA,NA,NA,1
zfALFF_17Networks_LH_SalVentAttnB_PFCmp_1,NA,NA,NA,1,1,1
zfALFF_17Networks_LH_SalVentAttnB_PFCl_3,NA,NA,1,NA,NA,NA
zfALFF_17Networks_LH_SalVentAttnB_PFCl_2,NA,1,NA,1,NA,1
zfALFF_17Networks_LH_SalVentAttnB_PFCl_1,NA,NA,1,NA,1,1
zfALFF_17Networks_LH_SalVentAttnA_FrMed_2,NA,NA,NA,1,0.508220446,0.86744374
zfALFF_17Networks_LH_SalVentAttnA_Ins_1,NA,NA,1,0.251985142,0.011990214,0.009454916
zfALFF_17Networks_LH_DorsAttnB_PostC_8,NA,1,NA,NA,NA,NA
zfALFF_17Networks_LH_DorsAttnB_PostC_7,NA,NA,NA,1,NA,NA
zfALFF_17Networks_LH_DorsAttnB_PostC_6,NA,NA,NA,1,NA,NA
zfALFF_17Networks_LH_DorsAttnB_PostC_5,1,0.755301583,0.315349159,1,1,0.261439711
zfALFF_17Networks_LH_DorsAttnB_PostC_4,NA,NA,NA,1,NA,NA
zfALFF_17Networks_LH_DorsAttnB_PostC_2,NA,1,NA,1,1,1
zfALFF_17Networks_LH_DorsAttnB_PostC_1,NA,1,NA,NA,NA,NA
zfALFF_17Networks_LH_DorsAttnA_SPL_7,NA,1,NA,1,NA,NA
zfALFF_17Networks_LH_DorsAttnA_SPL_6,1,NA,NA,1,NA,NA
zfALFF_17Networks_LH_DorsAttnA_SPL_5,NA,1,NA,1,NA,NA
zfALFF_17Networks_LH_DorsAttnA_SPL_3,1,0.059634289,NA,0.76405005,1,0.384224474
zfALFF_17Networks_LH_DorsAttnA_SPL_2,NA,NA,NA,1,NA,NA
zfALFF_17Networks_LH_DorsAttnA_SPL_1,NA,NA,NA,1,NA,NA
zfALFF_17Networks_LH_DorsAttnA_ParOcc_2,NA,NA,NA,1,NA,1
zfALFF_17Networks_LH_SomMotB_Cent_3,NA,0.400810032,0.710390575,NA,1,0.532297874
zfALFF_17Networks_LH_SomMotB_Cent_2,NA,1,1,NA,NA,NA
zfALFF_17Networks_LH_SomMotB_Cent_1,NA,NA,1,NA,NA,NA
zfALFF_17Networks_LH_SomMotB_S2_5,NA,NA,1,NA,NA,NA
zfALFF_17Networks_LH_SomMotB_S2_3,NA,NA,NA,1,NA,NA
zfALFF_17Networks_LH_SomMotB_Aud_4,NA,NA,NA,1,1,1
zfALFF_17Networks_LH_SomMotB_Aud_3,NA,NA,NA,NA,1,1
zfALFF_17Networks_LH_SomMotB_S2_2,NA,1,1,1,1,0.930180409
zfALFF_17Networks_LH_SomMotB_Ins_1,NA,NA,NA,NA,1,1
zfALFF_17Networks_LH_SomMotB_Aud_2,NA,NA,NA,1,NA,NA
zfALFF_17Networks_LH_SomMotB_Aud_1,NA,NA,NA,0.094674292,0.145207141,0.266489488
zfALFF_17Networks_LH_SomMotA_14,NA,NA,1,NA,NA,NA
zfALFF_17Networks_LH_SomMotA_1,1,1,NA,NA,NA,1
zfALFF_17Networks_LH_VisCent_Striate_1,NA,NA,1,NA,NA,1
zALFF_17Networks_RH_TempPar_7,NA,NA,NA,NA,1,NA
zALFF_17Networks_RH_TempPar_6,NA,NA,NA,NA,1,NA
zALFF_17Networks_RH_TempPar_5,NA,NA,NA,NA,0.763884975,1
zALFF_17Networks_RH_TempPar_4,NA,NA,NA,NA,0.054449847,0.656424646
zALFF_17Networks_RH_TempPar_3,NA,NA,NA,NA,1,NA
zALFF_17Networks_RH_TempPar_2,NA,NA,NA,NA,1,NA
zALFF_17Networks_RH_DefaultC_PHC_2,NA,NA,NA,1,NA,NA
zALFF_17Networks_RH_DefaultC_IPL_1,NA,NA,NA,1,0.541892738,1
zALFF_17Networks_RH_DefaultB_PFCv_3,NA,NA,NA,NA,1,NA
zALFF_17Networks_RH_DefaultB_PFCd_4,NA,NA,NA,NA,1,NA
zALFF_17Networks_RH_DefaultB_PFCd_2,NA,NA,NA,1,1,1
zALFF_17Networks_RH_DefaultB_PFCd_1,NA,NA,NA,1,NA,NA
zALFF_17Networks_RH_DefaultB_Temp_2,NA,NA,NA,NA,1,1
zALFF_17Networks_RH_DefaultB_Temp_1,NA,NA,NA,NA,1,NA
zALFF_17Networks_RH_DefaultA_PFCm_6,NA,1,NA,1,NA,1
zALFF_17Networks_RH_DefaultA_pCunPCC_2,NA,NA,NA,NA,1,NA
zALFF_17Networks_RH_DefaultA_PFCd_1,NA,NA,NA,0.244394457,NA,1
zALFF_17Networks_RH_ContC_Cingp_2,NA,NA,NA,1,NA,NA
zALFF_17Networks_RH_ContC_pCun_3,NA,NA,NA,1,1,NA
zALFF_17Networks_RH_ContB_PFCmp_1,NA,NA,NA,1,NA,NA
zALFF_17Networks_RH_ContB_PFClv_3,NA,NA,NA,0.39651115,NA,1
zALFF_17Networks_RH_ContB_PFCld_2,NA,NA,NA,1,NA,NA
zALFF_17Networks_RH_ContB_IPL_4,NA,NA,1,NA,NA,NA
zALFF_17Networks_RH_ContB_IPL_1,NA,1,NA,NA,NA,NA
zALFF_17Networks_RH_ContB_Temp_2,NA,NA,NA,1,NA,NA
zALFF_17Networks_RH_ContA_Cingm_1,1,NA,NA,NA,NA,NA
zALFF_17Networks_RH_ContA_PFCl_5,NA,NA,1,NA,0.937735792,1
zALFF_17Networks_RH_ContA_PFCl_4,1,NA,NA,NA,0.414843749,0.918156352
zALFF_17Networks_RH_ContA_PFCl_2,NA,NA,NA,1,NA,NA
zALFF_17Networks_RH_LimbicA_TempPole_6,NA,NA,1,NA,NA,NA
zALFF_17Networks_RH_SalVentAttnB_PFCmp_2,NA,NA,NA,1,NA,NA
zALFF_17Networks_RH_SalVentAttnB_PFCl_2,NA,NA,NA,1,NA,NA
zALFF_17Networks_RH_SalVentAttnA_FrOper_2,NA,NA,NA,NA,1,NA
zALFF_17Networks_RH_SalVentAttnA_Ins_4,NA,NA,NA,NA,1,NA
zALFF_17Networks_RH_SalVentAttnA_Ins_2,NA,NA,NA,NA,1,1
zALFF_17Networks_RH_SalVentAttnA_PrC_1,NA,NA,1,NA,1,1
zALFF_17Networks_RH_SalVentAttnA_ParOper_2,NA,NA,NA,NA,0.900803897,1
zALFF_17Networks_RH_SalVentAttnA_ParOper_1,NA,NA,NA,NA,1,NA
zALFF_17Networks_RH_DorsAttnB_FEF_2,NA,NA,NA,1,NA,NA
zALFF_17Networks_RH_DorsAttnB_PostC_6,NA,NA,NA,NA,1,NA
zALFF_17Networks_RH_DorsAttnB_PostC_3,NA,NA,NA,NA,1,NA
zALFF_17Networks_RH_DorsAttnB_PostC_2,0.156836769,1,1,1,0.290157526,0.072254066
zALFF_17Networks_RH_DorsAttnA_SPL_4,NA,1,NA,NA,NA,NA
zALFF_17Networks_RH_DorsAttnA_ParOcc_2,NA,NA,NA,NA,1,1
zALFF_17Networks_RH_DorsAttnA_ParOcc_1,NA,NA,NA,1,1,1
zALFF_17Networks_RH_DorsAttnA_TempOcc_1,NA,NA,NA,1,0.131603953,1
zALFF_17Networks_RH_SomMotB_Cent_3,NA,NA,NA,NA,1,1
zALFF_17Networks_RH_SomMotB_Cent_2,NA,NA,NA,NA,1,1
zALFF_17Networks_RH_SomMotB_Cent_1,NA,NA,NA,NA,1,NA
zALFF_17Networks_RH_SomMotB_S2_6,NA,NA,NA,NA,0.472206977,1
zALFF_17Networks_RH_SomMotB_S2_5,NA,NA,NA,NA,1,NA
zALFF_17Networks_RH_SomMotB_Aud_3,NA,NA,NA,NA,0.887905191,NA
zALFF_17Networks_RH_SomMotB_S2_1,NA,NA,NA,NA,1,NA
zALFF_17Networks_RH_SomMotB_Ins_1,NA,NA,1,NA,0.427581295,1
zALFF_17Networks_RH_SomMotB_Aud_2,NA,NA,NA,NA,1,NA
zALFF_17Networks_RH_SomMotB_Aud_1,NA,NA,NA,NA,1,NA
zALFF_17Networks_RH_SomMotA_20,NA,NA,1,NA,NA,NA
zALFF_17Networks_RH_SomMotA_16,NA,NA,NA,NA,1,NA
zALFF_17Networks_RH_SomMotA_14,NA,NA,0.429694252,NA,0.402057968,0.41823774
zALFF_17Networks_RH_SomMotA_9,NA,NA,NA,NA,1,NA
zALFF_17Networks_RH_SomMotA_2,NA,NA,NA,NA,1,NA
zALFF_17Networks_RH_VisPeri_ExStrInf_4,NA,NA,NA,1,NA,NA
zALFF_17Networks_RH_VisPeri_ExStrInf_3,NA,1,NA,1,NA,1
zALFF_17Networks_RH_VisPeri_ExStrInf_2,NA,NA,NA,1,1,NA
zALFF_17Networks_RH_VisPeri_ExStrInf_1,NA,NA,NA,1,1,1
zALFF_17Networks_RH_VisCent_ExStr_8,NA,1,NA,NA,NA,NA
zALFF_17Networks_RH_VisCent_ExStr_7,NA,1,NA,NA,NA,NA
zALFF_17Networks_RH_VisCent_ExStr_1,NA,NA,NA,0.542914235,1,0.93251923
zALFF_17Networks_LH_TempPar_1,1,NA,NA,NA,NA,NA
zALFF_17Networks_LH_DefaultC_PHC_3,NA,NA,NA,1,NA,NA
zALFF_17Networks_LH_DefaultC_PHC_2,NA,NA,NA,1,NA,NA
zALFF_17Networks_LH_DefaultC_PHC_1,NA,NA,NA,0.882823808,NA,1
zALFF_17Networks_LH_DefaultC_Rsp_2,NA,1,NA,0.554219475,NA,1
zALFF_17Networks_LH_DefaultC_Rsp_1,NA,NA,NA,1,NA,1
zALFF_17Networks_LH_DefaultB_PFCv_4,NA,NA,NA,NA,1,NA
zALFF_17Networks_LH_DefaultB_PFCv_2,NA,NA,NA,1,NA,1
zALFF_17Networks_LH_DefaultB_PFCd_6,1,NA,NA,NA,NA,NA
zALFF_17Networks_LH_DefaultB_PFCd_4,NA,NA,NA,NA,1,NA
zALFF_17Networks_LH_DefaultB_PFCd_3,NA,NA,NA,NA,1,NA
zALFF_17Networks_LH_DefaultB_Temp_6,1,NA,NA,NA,NA,NA
zALFF_17Networks_LH_DefaultB_Temp_4,1,NA,NA,NA,NA,NA
zALFF_17Networks_LH_DefaultB_Temp_1,NA,1,NA,NA,NA,NA
zALFF_17Networks_LH_DefaultA_pCunPCC_7,NA,NA,NA,1,NA,1
zALFF_17Networks_LH_DefaultA_pCunPCC_6,NA,NA,1,NA,NA,NA
zALFF_17Networks_LH_DefaultA_pCunPCC_1,NA,NA,1,NA,NA,NA
zALFF_17Networks_LH_ContC_Cingp_2,NA,NA,NA,NA,1,NA
zALFF_17Networks_LH_ContC_pCun_3,NA,NA,NA,1,1,1
zALFF_17Networks_LH_ContC_pCun_2,NA,1,NA,NA,NA,NA
zALFF_17Networks_LH_ContB_PFClv_1,NA,NA,NA,1,NA,NA
zALFF_17Networks_LH_ContB_IPL_3,NA,NA,1,NA,NA,NA
zALFF_17Networks_LH_ContA_PFCl_2,NA,NA,NA,1,NA,NA
zALFF_17Networks_LH_ContA_PFClv_1,NA,NA,NA,1,NA,NA
zALFF_17Networks_LH_ContA_IPS_5,NA,NA,NA,NA,1,NA
zALFF_17Networks_LH_ContA_IPS_4,NA,NA,NA,1,1,1
zALFF_17Networks_LH_LimbicA_TempPole_7,NA,NA,NA,NA,1,NA
zALFF_17Networks_LH_LimbicA_TempPole_5,NA,1,NA,NA,NA,NA
zALFF_17Networks_LH_LimbicA_TempPole_2,NA,1,NA,NA,NA,NA
zALFF_17Networks_LH_LimbicA_TempPole_1,NA,1,NA,NA,NA,NA
zALFF_17Networks_LH_LimbicB_OFC_5,NA,NA,NA,1,NA,NA
zALFF_17Networks_LH_SalVentAttnB_OFC_1,NA,NA,NA,1,NA,NA
zALFF_17Networks_LH_SalVentAttnB_PFCl_2,NA,NA,NA,1,NA,NA
zALFF_17Networks_LH_SalVentAttnA_Ins_2,NA,NA,0.15575506,1,1,0.695790783
zALFF_17Networks_LH_DorsAttnB_PrCv_1,NA,NA,NA,1,NA,NA
zALFF_17Networks_LH_DorsAttnB_FEF_2,NA,NA,NA,0.245502476,1,NA
zALFF_17Networks_LH_DorsAttnB_FEF_1,NA,NA,NA,0.407547367,1,1
zALFF_17Networks_LH_DorsAttnB_PostC_6,NA,NA,NA,NA,1,NA
zALFF_17Networks_LH_DorsAttnB_PostC_4,NA,NA,NA,NA,1,NA
zALFF_17Networks_LH_DorsAttnA_SPL_1,NA,NA,NA,NA,1,NA
zALFF_17Networks_LH_DorsAttnA_TempOcc_4,NA,NA,NA,1,NA,NA
zALFF_17Networks_LH_SomMotB_Cent_3,NA,NA,NA,1,NA,NA
zALFF_17Networks_LH_SomMotB_Cent_2,NA,NA,NA,1,0.818805796,NA
zALFF_17Networks_LH_SomMotB_Cent_1,NA,NA,NA,NA,1,NA
zALFF_17Networks_LH_SomMotB_S2_4,NA,NA,NA,NA,1,NA
zALFF_17Networks_LH_SomMotB_S2_3,NA,NA,0.414953669,NA,NA,NA
zALFF_17Networks_LH_SomMotA_18,NA,NA,NA,1,NA,NA
zALFF_17Networks_LH_SomMotA_17,NA,NA,NA,NA,1,NA
zALFF_17Networks_LH_SomMotA_12,NA,NA,NA,1,1,1
zALFF_17Networks_LH_SomMotA_10,NA,NA,NA,1,NA,NA
zALFF_17Networks_LH_SomMotA_9,NA,NA,NA,0.603003215,0.896240165,1
zALFF_17Networks_LH_SomMotA_8,NA,NA,NA,1,1,1
zALFF_17Networks_LH_SomMotA_7,NA,NA,NA,NA,1,NA
zALFF_17Networks_LH_SomMotA_3,NA,NA,NA,1,1,1
zALFF_17Networks_LH_SomMotA_2,NA,NA,NA,0.686169943,1,NA
zALFF_17Networks_LH_SomMotA_1,NA,NA,NA,NA,1,1
zALFF_17Networks_LH_VisCent_ExStr_9,NA,NA,NA,NA,1,NA
zALFF_17Networks_LH_VisCent_Striate_1,NA,NA,NA,1,NA,NA
zALFF_17Networks_LH_VisCent_ExStr_1,NA,NA,NA,1,NA,NA
zDCwei_17Networks_RH_TempPar_8,1,NA,NA,NA,NA,NA
zDCwei_17Networks_RH_TempPar_5,NA,NA,1,NA,NA,NA
zDCwei_17Networks_RH_TempPar_4,NA,NA,1,1,1,0.489060469
zDCwei_17Networks_RH_DefaultC_PHC_2,NA,NA,NA,1,NA,NA
zDCwei_17Networks_RH_DefaultB_PFCv_2,1,NA,NA,NA,NA,NA
zDCwei_17Networks_RH_DefaultB_AntTemp_1,1,NA,NA,NA,NA,NA
zDCwei_17Networks_RH_DefaultA_PFCm_3,NA,NA,NA,1,NA,NA
zDCwei_17Networks_RH_DefaultA_PFCm_1,1,NA,1,1,NA,NA
zDCwei_17Networks_RH_ContB_PFClv_4,1,NA,NA,NA,NA,NA
zDCwei_17Networks_RH_ContB_PFClv_1,1,NA,NA,NA,NA,NA
zDCwei_17Networks_RH_ContB_IPL_3,NA,NA,1,NA,NA,NA
zDCwei_17Networks_RH_ContB_Temp_2,NA,NA,NA,1,NA,NA
zDCwei_17Networks_RH_ContA_PFCl_5,NA,NA,NA,NA,1,1
zDCwei_17Networks_RH_ContA_PFCl_4,NA,NA,NA,NA,1,1
zDCwei_17Networks_RH_SalVentAttnB_PFCl_2,NA,NA,NA,NA,1,NA
zDCwei_17Networks_RH_SalVentAttnB_PFClv_1,NA,NA,NA,NA,1,NA
zDCwei_17Networks_RH_SalVentAttnA_FrMed_4,NA,NA,1,NA,NA,1
zDCwei_17Networks_RH_SalVentAttnA_ParMed_4,NA,NA,NA,NA,1,1
zDCwei_17Networks_RH_SalVentAttnA_ParMed_2,1,NA,NA,1,1,1
zDCwei_17Networks_RH_SalVentAttnA_ParMed_1,NA,NA,NA,1,NA,NA
zDCwei_17Networks_RH_SalVentAttnA_FrMed_1,NA,NA,NA,NA,1,1
zDCwei_17Networks_RH_SalVentAttnA_ParOper_1,NA,NA,NA,0.062439617,0.295865702,0.311887118
zDCwei_17Networks_RH_DorsAttnB_FEF_3,NA,NA,NA,NA,1,NA
zDCwei_17Networks_RH_DorsAttnB_FEF_1,NA,NA,NA,NA,1,NA
zDCwei_17Networks_RH_DorsAttnB_PostC_8,NA,NA,1,NA,1,1
zDCwei_17Networks_RH_DorsAttnB_PostC_5,NA,NA,NA,NA,1,NA
zDCwei_17Networks_RH_DorsAttnA_SPL_8,1,NA,NA,NA,NA,NA
zDCwei_17Networks_RH_DorsAttnA_SPL_7,1,NA,NA,NA,NA,NA
zDCwei_17Networks_RH_DorsAttnA_SPL_5,1,NA,NA,NA,NA,NA
zDCwei_17Networks_RH_DorsAttnA_TempOcc_1,NA,NA,NA,1,1,1
zDCwei_17Networks_RH_SomMotB_Cent_1,NA,NA,NA,NA,1,NA
zDCwei_17Networks_RH_SomMotB_S2_6,NA,NA,NA,NA,1,1
zDCwei_17Networks_RH_SomMotB_S2_3,NA,NA,1,NA,1,1
zDCwei_17Networks_RH_SomMotB_S2_2,NA,NA,NA,NA,1,NA
zDCwei_17Networks_RH_SomMotB_S2_1,NA,NA,NA,NA,1,NA
zDCwei_17Networks_RH_SomMotA_9,NA,NA,NA,NA,1,NA
zDCwei_17Networks_RH_SomMotA_7,NA,NA,NA,NA,1,NA
zDCwei_17Networks_RH_SomMotA_6,NA,NA,1,NA,1,1
zDCwei_17Networks_RH_VisPeri_ExStrInf_3,NA,NA,1,NA,NA,NA
zDCwei_17Networks_RH_VisCent_ExStr_4,NA,NA,NA,NA,1,NA
zDCwei_17Networks_LH_TempPar_6,NA,NA,1,NA,NA,NA
zDCwei_17Networks_LH_TempPar_5,0.352668594,NA,NA,NA,NA,NA
zDCwei_17Networks_LH_TempPar_3,0.61382876,NA,NA,NA,NA,NA
zDCwei_17Networks_LH_TempPar_2,1,NA,NA,NA,NA,NA
zDCwei_17Networks_LH_DefaultC_PHC_3,1,NA,1,1,NA,1
zDCwei_17Networks_LH_DefaultC_IPL_1,1,NA,NA,NA,NA,NA
zDCwei_17Networks_LH_DefaultB_PFCv_2,NA,NA,NA,1,NA,NA
zDCwei_17Networks_LH_DefaultB_PFCd_6,NA,NA,1,NA,NA,NA
zDCwei_17Networks_LH_DefaultB_PFCd_2,NA,NA,NA,1,NA,NA
zDCwei_17Networks_LH_DefaultB_Temp_5,1,NA,NA,1,NA,NA
zDCwei_17Networks_LH_DefaultA_pCunPCC_1,NA,1,NA,NA,NA,NA
zDCwei_17Networks_LH_ContC_Cingp_1,NA,NA,NA,NA,1,NA
zDCwei_17Networks_LH_ContB_PFCd_1,1,NA,NA,NA,NA,NA
zDCwei_17Networks_LH_ContB_Temp_2,1,NA,NA,1,1,1
zDCwei_17Networks_LH_ContB_Temp_1,1,NA,NA,NA,NA,NA
zDCwei_17Networks_LH_ContA_PFCl_1,1,NA,NA,NA,NA,NA
zDCwei_17Networks_LH_ContA_PFCd_1,1,NA,1,NA,1,NA
zDCwei_17Networks_LH_LimbicA_TempPole_4,NA,NA,NA,1,NA,NA
zDCwei_17Networks_LH_SalVentAttnB_PFCmp_1,NA,NA,NA,NA,1,NA
zDCwei_17Networks_LH_SalVentAttnB_OFC_1,NA,NA,NA,1,NA,NA
zDCwei_17Networks_LH_SalVentAttnB_Ins_1,NA,NA,NA,1,NA,NA
zDCwei_17Networks_LH_SalVentAttnA_FrMed_2,0.110118353,1,NA,NA,1,1
zDCwei_17Networks_LH_SalVentAttnA_FrMed_1,0.142361443,1,NA,NA,1,1
zDCwei_17Networks_LH_SalVentAttnA_ParMed_1,0.859831334,NA,NA,NA,NA,1
zDCwei_17Networks_LH_SalVentAttnA_Ins_1,NA,NA,NA,1,NA,NA
zDCwei_17Networks_LH_SalVentAttnA_ParOper_1,NA,NA,NA,NA,1,NA
zDCwei_17Networks_LH_DorsAttnB_PostC_6,1,NA,NA,NA,NA,NA
zDCwei_17Networks_LH_DorsAttnB_PostC_4,NA,NA,1,NA,NA,NA
zDCwei_17Networks_LH_DorsAttnB_PostC_2,1,NA,NA,NA,NA,NA
zDCwei_17Networks_LH_DorsAttnB_PostC_1,1,NA,NA,1,1,1
zDCwei_17Networks_LH_DorsAttnA_SPL_1,1,NA,NA,1,NA,NA
zDCwei_17Networks_LH_DorsAttnA_ParOcc_1,0.990767346,NA,NA,NA,NA,NA
zDCwei_17Networks_LH_DorsAttnA_TempOcc_4,1,NA,NA,NA,NA,NA
zDCwei_17Networks_LH_DorsAttnA_TempOcc_3,1,NA,NA,NA,NA,NA
zDCwei_17Networks_LH_DorsAttnA_TempOcc_2,NA,NA,NA,1,NA,1
zDCwei_17Networks_LH_DorsAttnA_TempOcc_1,NA,NA,NA,1,NA,NA
zDCwei_17Networks_LH_SomMotB_S2_4,1,1,NA,NA,NA,NA
zDCwei_17Networks_LH_SomMotB_Aud_3,0.467143334,NA,NA,1,NA,NA
zDCwei_17Networks_LH_SomMotB_Aud_2,1,NA,NA,NA,NA,NA
zDCwei_17Networks_LH_SomMotB_Aud_1,1,NA,NA,NA,NA,NA
zDCwei_17Networks_LH_SomMotA_15,NA,NA,1,NA,NA,NA
zDCwei_17Networks_LH_SomMotA_14,NA,NA,1,NA,NA,NA
zDCwei_17Networks_LH_SomMotA_8,1,NA,NA,NA,NA,NA
zDCwei_17Networks_LH_VisPeri_ExStrInf_3,0.624576642,NA,NA,NA,NA,NA
zDCwei_17Networks_LH_VisCent_ExStr_6,1,NA,NA,NA,NA,NA
zDCwei_lPFtha_R,NA,NA,1,NA,NA,NA
zDCwei_lPFtha_L,NA,NA,NA,NA,1,1
zDCwei_cTtha_L,NA,NA,1,NA,NA,NA
zDCwei_Otha_R,NA,NA,1,NA,NA,NA
zDCwei_mPMtha_L,NA,NA,1,NA,1,1
zDCwei_dlPu_L,NA,NA,NA,1,1,1
zDCwei_mAmyg_R,NA,NA,NA,NA,1,NA
zDCbin_17Networks_RH_TempPar_9,NA,NA,NA,1,NA,NA
zDCbin_17Networks_RH_TempPar_8,1,NA,NA,NA,NA,NA
zDCbin_17Networks_RH_TempPar_5,NA,NA,1,NA,NA,NA
zDCbin_17Networks_RH_TempPar_4,1,NA,1,1,0.993724241,0.324738075
zDCbin_17Networks_RH_DefaultC_PHC_2,NA,NA,NA,1,NA,NA
zDCbin_17Networks_RH_DefaultC_PHC_1,NA,NA,NA,1,NA,NA
zDCbin_17Networks_RH_DefaultA_PFCm_3,NA,NA,NA,1,NA,NA
zDCbin_17Networks_RH_DefaultA_PFCm_1,1,NA,1,NA,NA,NA
zDCbin_17Networks_RH_ContC_Cingp_2,NA,NA,NA,NA,NA,1
zDCbin_17Networks_RH_ContB_PFClv_1,1,NA,NA,NA,NA,NA
zDCbin_17Networks_RH_ContA_PFCl_5,NA,NA,NA,NA,1,1
zDCbin_17Networks_RH_ContA_PFCl_4,NA,NA,NA,NA,1,1
zDCbin_17Networks_RH_ContA_IPS_3,NA,NA,NA,NA,1,NA
zDCbin_17Networks_RH_SalVentAttnB_PFCl_2,NA,NA,NA,NA,1,NA
zDCbin_17Networks_RH_SalVentAttnB_PFClv_1,NA,NA,NA,NA,1,NA
zDCbin_17Networks_RH_SalVentAttnA_FrMed_4,NA,NA,NA,NA,NA,1
zDCbin_17Networks_RH_SalVentAttnA_ParMed_4,NA,NA,NA,NA,1,1
zDCbin_17Networks_RH_SalVentAttnA_ParMed_2,1,NA,NA,1,1,1
zDCbin_17Networks_RH_SalVentAttnA_ParMed_1,NA,NA,NA,1,NA,NA
zDCbin_17Networks_RH_SalVentAttnA_ParOper_1,NA,NA,NA,0.059296877,0.170242116,0.255495797
zDCbin_17Networks_RH_DorsAttnB_FEF_3,NA,NA,NA,NA,1,NA
zDCbin_17Networks_RH_DorsAttnB_FEF_1,NA,NA,NA,1,1,1
zDCbin_17Networks_RH_DorsAttnB_PostC_8,NA,NA,NA,NA,1,1
zDCbin_17Networks_RH_DorsAttnB_PostC_5,1,NA,NA,NA,1,NA
zDCbin_17Networks_RH_DorsAttnB_PostC_1,NA,NA,NA,NA,1,NA
zDCbin_17Networks_RH_DorsAttnA_SPL_8,1,NA,NA,NA,NA,NA
zDCbin_17Networks_RH_DorsAttnA_SPL_7,1,NA,NA,NA,NA,NA
zDCbin_17Networks_RH_DorsAttnA_SPL_5,1,NA,NA,NA,NA,NA
zDCbin_17Networks_RH_DorsAttnA_ParOcc_2,NA,NA,NA,1,1,NA
zDCbin_17Networks_RH_DorsAttnA_TempOcc_1,NA,NA,NA,1,1,1
zDCbin_17Networks_RH_SomMotB_Cent_1,NA,NA,NA,NA,1,NA
zDCbin_17Networks_RH_SomMotB_S2_7,NA,NA,NA,NA,1,NA
zDCbin_17Networks_RH_SomMotB_S2_6,NA,NA,NA,NA,1,1
zDCbin_17Networks_RH_SomMotB_S2_4,NA,NA,NA,NA,1,NA
zDCbin_17Networks_RH_SomMotB_S2_3,NA,NA,1,NA,1,1
zDCbin_17Networks_RH_SomMotB_S2_2,NA,NA,NA,NA,1,NA
zDCbin_17Networks_RH_SomMotB_S2_1,1,NA,NA,NA,1,NA
zDCbin_17Networks_RH_SomMotA_12,1,NA,NA,NA,NA,NA
zDCbin_17Networks_RH_SomMotA_9,NA,NA,NA,NA,1,NA
zDCbin_17Networks_RH_SomMotA_7,NA,NA,NA,NA,1,NA
zDCbin_17Networks_RH_SomMotA_6,NA,NA,1,NA,1,1
zDCbin_17Networks_RH_SomMotA_1,1,NA,NA,NA,NA,NA
zDCbin_17Networks_RH_VisPeri_ExStrInf_3,NA,NA,1,NA,NA,NA
zDCbin_17Networks_LH_TempPar_6,NA,NA,1,NA,NA,NA
zDCbin_17Networks_LH_TempPar_5,0.375751892,NA,NA,NA,NA,NA
zDCbin_17Networks_LH_TempPar_3,0.564906086,NA,NA,NA,NA,NA
zDCbin_17Networks_LH_TempPar_2,1,NA,NA,NA,NA,NA
zDCbin_17Networks_LH_DefaultC_PHC_3,1,NA,1,1,NA,1
zDCbin_17Networks_LH_DefaultC_IPL_1,1,NA,NA,NA,NA,NA
zDCbin_17Networks_LH_DefaultB_Temp_5,1,NA,NA,NA,NA,NA
zDCbin_17Networks_LH_DefaultA_pCunPCC_7,NA,NA,NA,1,NA,NA
zDCbin_17Networks_LH_DefaultA_pCunPCC_1,NA,1,NA,NA,NA,NA
zDCbin_17Networks_LH_ContC_Cingp_2,NA,NA,NA,1,NA,NA
zDCbin_17Networks_LH_ContC_Cingp_1,NA,NA,NA,NA,1,NA
zDCbin_17Networks_LH_ContB_PFCd_1,1,NA,NA,NA,NA,NA
zDCbin_17Networks_LH_ContB_Temp_2,1,NA,NA,1,1,1
zDCbin_17Networks_LH_ContA_PFCl_1,1,NA,NA,NA,NA,NA
zDCbin_17Networks_LH_ContA_PFClv_1,NA,NA,NA,NA,1,NA
zDCbin_17Networks_LH_ContA_PFCd_1,1,NA,1,NA,NA,NA
zDCbin_17Networks_LH_LimbicA_TempPole_4,NA,NA,NA,1,NA,NA
zDCbin_17Networks_LH_SalVentAttnB_PFCmp_1,NA,NA,NA,NA,1,NA
zDCbin_17Networks_LH_SalVentAttnB_Ins_1,NA,NA,NA,1,NA,NA
zDCbin_17Networks_LH_SalVentAttnA_FrMed_2,0.050241673,1,NA,NA,NA,1
zDCbin_17Networks_LH_SalVentAttnA_FrMed_1,0.029806288,1,NA,NA,1,1
zDCbin_17Networks_LH_SalVentAttnA_ParMed_1,0.228122747,NA,1,NA,1,1
zDCbin_17Networks_LH_SalVentAttnA_FrOper_2,1,NA,NA,NA,NA,NA
zDCbin_17Networks_LH_SalVentAttnA_Ins_1,NA,NA,NA,1,NA,NA
zDCbin_17Networks_LH_SalVentAttnA_ParOper_1,NA,NA,NA,NA,1,NA
zDCbin_17Networks_LH_DorsAttnB_PostC_8,1,NA,NA,NA,NA,NA
zDCbin_17Networks_LH_DorsAttnB_PostC_6,1,NA,NA,NA,NA,NA
zDCbin_17Networks_LH_DorsAttnB_PostC_4,NA,NA,0.313253393,NA,NA,1
zDCbin_17Networks_LH_DorsAttnB_PostC_2,0.282008868,NA,NA,NA,NA,NA
zDCbin_17Networks_LH_DorsAttnB_PostC_1,1,NA,1,1,1,1
zDCbin_17Networks_LH_DorsAttnA_SPL_1,NA,NA,NA,1,NA,NA
zDCbin_17Networks_LH_DorsAttnA_ParOcc_1,0.724720801,NA,NA,NA,NA,NA
zDCbin_17Networks_LH_DorsAttnA_TempOcc_4,1,NA,NA,NA,NA,NA
zDCbin_17Networks_LH_DorsAttnA_TempOcc_3,1,NA,NA,NA,NA,NA
zDCbin_17Networks_LH_DorsAttnA_TempOcc_2,NA,NA,NA,1,NA,1
zDCbin_17Networks_LH_SomMotB_S2_4,1,0.796541886,NA,NA,NA,NA
zDCbin_17Networks_LH_SomMotB_S2_3,1,NA,NA,NA,NA,NA
zDCbin_17Networks_LH_SomMotB_Aud_3,0.250422345,NA,NA,1,NA,NA
zDCbin_17Networks_LH_SomMotB_Aud_2,1,NA,NA,NA,NA,NA
zDCbin_17Networks_LH_SomMotB_Aud_1,1,NA,NA,NA,NA,NA
zDCbin_17Networks_LH_SomMotA_15,NA,NA,1,NA,NA,NA
zDCbin_17Networks_LH_SomMotA_14,NA,NA,1,NA,NA,NA
zDCbin_17Networks_LH_SomMotA_8,1,NA,NA,NA,NA,NA
zDCbin_17Networks_LH_VisPeri_ExStrInf_3,0.492831256,NA,NA,NA,NA,NA
zDCbin_lPFtha_L,NA,NA,NA,NA,1,1
zDCbin_mPMtha_L,NA,NA,NA,NA,1,1
zDCbin_dlPu_L,NA,NA,NA,NA,1,NA
zReHo_17Networks_RH_TempPar_9,NA,NA,NA,NA,1,NA
zReHo_17Networks_RH_TempPar_7,NA,NA,NA,NA,1,NA
zReHo_17Networks_RH_TempPar_1,NA,NA,NA,1,NA,NA
zReHo_17Networks_RH_DefaultC_Rsp_1,NA,NA,NA,NA,1,NA
zReHo_17Networks_RH_DefaultC_IPL_1,NA,NA,NA,NA,1,NA
zReHo_17Networks_RH_DefaultB_PFCd_1,NA,1,NA,NA,NA,NA
zReHo_17Networks_RH_DefaultA_PFCm_5,NA,1,NA,NA,NA,NA
zReHo_17Networks_RH_DefaultA_pCunPCC_4,NA,NA,1,NA,NA,NA
zReHo_17Networks_RH_DefaultA_PFCd_1,NA,NA,NA,NA,1,NA
zReHo_17Networks_RH_ContB_IPL_1,NA,NA,NA,NA,1,NA
zReHo_17Networks_RH_ContB_Temp_2,NA,NA,NA,NA,1,NA
zReHo_17Networks_RH_ContA_PFCl_5,NA,NA,NA,1,1,NA
zReHo_17Networks_RH_ContA_IPS_4,NA,NA,NA,NA,1,NA
zReHo_17Networks_RH_LimbicA_TempPole_6,NA,NA,1,NA,NA,NA
zReHo_17Networks_RH_LimbicA_TempPole_5,NA,NA,NA,0.403487439,NA,NA
zReHo_17Networks_RH_LimbicB_OFC_1,NA,NA,NA,NA,1,NA
zReHo_17Networks_RH_SalVentAttnB_PFCmp_2,1,NA,NA,NA,1,1
zReHo_17Networks_RH_SalVentAttnB_PFCmp_1,0.525975567,NA,NA,NA,NA,NA
zReHo_17Networks_RH_SalVentAttnB_Ins_2,NA,1,NA,NA,1,NA
zReHo_17Networks_RH_SalVentAttnB_Ins_1,NA,NA,NA,NA,1,1
zReHo_17Networks_RH_SalVentAttnA_FrMed_4,NA,NA,NA,NA,1,NA
zReHo_17Networks_RH_SalVentAttnA_FrMed_3,NA,NA,NA,NA,1,NA
zReHo_17Networks_RH_SalVentAttnA_ParMed_3,NA,NA,NA,NA,1,NA
zReHo_17Networks_RH_SalVentAttnA_ParMed_2,NA,NA,NA,NA,1,NA
zReHo_17Networks_RH_SalVentAttnA_FrMed_1,NA,NA,NA,1,1,1
zReHo_17Networks_RH_SalVentAttnA_FrOper_3,NA,NA,NA,NA,1,NA
zReHo_17Networks_RH_SalVentAttnA_ParOper_3,NA,NA,NA,NA,1,NA
zReHo_17Networks_RH_DorsAttnB_FEF_2,NA,NA,NA,NA,1,NA
zReHo_17Networks_RH_DorsAttnB_PostC_7,NA,NA,NA,NA,1,NA
zReHo_17Networks_RH_DorsAttnB_PostC_6,NA,NA,NA,NA,1,NA
zReHo_17Networks_RH_DorsAttnB_PostC_2,NA,NA,NA,1,0.231534419,1
zReHo_17Networks_RH_DorsAttnB_PostC_1,NA,NA,NA,NA,1,NA
zReHo_17Networks_RH_DorsAttnA_SPL_6,NA,NA,NA,NA,1,NA
zReHo_17Networks_RH_DorsAttnA_SPL_1,NA,NA,NA,NA,1,NA
zReHo_17Networks_RH_DorsAttnA_ParOcc_3,NA,NA,NA,NA,1,NA
zReHo_17Networks_RH_DorsAttnA_TempOcc_1,NA,NA,NA,NA,1,NA
zReHo_17Networks_RH_SomMotB_Cent_3,NA,NA,NA,NA,1,NA
